{
"lengthUnit": "mil",
"components": {
	"fields": ["COMPONENT_NO", "COMPONENT_NAME", "LAYER", "X_COORDINATE", "Y_COORDINATE", "ANGLE"],
	"rows": [
		[1, "Angle_Sensor", "T", 2047.24, 1614.17, 0],
		[2, "CN1", "T", 5196.85, 2047.24, 90],
		[3, "D3", "T", 4527.56, 2125.98, 180],
		[4, "H2", "T", 1259.84, 1614.17, 0],
		[5, "LOADCELL", "T", 1023.62, 2086.61, 0],
		[6, "RS485", "T", 236.22, 1889.76, 0],
		[7, "SERVO_DEBUG", "T", 2086.61, 2086.61, 0],
		[8, "Servo_Pul/Dir", "T", 1614.17, 2086.61, 180],
		[9, "U4", "T", 4330.71, 1417.32, 90],
		[10, "U5", "T", 4133.86, 1377.95, 135],
		[11, "U6", "T", 4448.82, 551.18, 90],
		[12, "U10", "T", 2677.17, 1889.76, 90],
		[13, "U11", "T", 1811.02, 748.03, 180],
		[14, "U12", "T", 3464.57, 1417.32, 315],
		[15, "XA1", "T", 314.96, 984.25, 180]
	]
},
"pins": {
	"fields": ["PIN_NO", "PIN_NAME", "PIN_X", "PIN_Y", "LAYER", "PIN_TYPE", "NET_NAME", "NET_TYPE", "PAD_SHAPE", "PAD_SIZEX", "PAD_SIZEY", "HOLE_SIZE", "PAD_ANGLE"],
	"rows": [
		[1, "Angle_Sensor_1", 1947.24, 1614.17, "T", "DIP", "3V3", "", "R", 62, 62, 40.16, 0],
		[2, "Angle_Sensor_1", 1947.24, 1614.17, "B", "DIP", "3V3", "", "R", 62, 62, 40.16, 0],
		[3, "Angle_Sensor_2", 2047.24, 1614.17, "T", "DIP", "ANGLE_SENSOR_P", "", "C", 62, 62, 40.16, 0],
		[4, "Angle_Sensor_2", 2047.24, 1614.17, "B", "DIP", "ANGLE_SENSOR_P", "", "C", 62, 62, 40.16, 0],
		[5, "Angle_Sensor_3", 2147.24, 1614.17, "T", "DIP", "GND", "GND", "C", 62, 62, 40.16, 0],
		[6, "Angle_Sensor_3", 2147.24, 1614.17, "B", "DIP", "GND", "GND", "C", 62, 62, 40.16, 0],
		[7, "CN1_1", 5000, 1948.82, "T", "DIP", "SERVO_GND", "", "C", 98.42, 98.42, 70.87, 90],
		[8, "CN1_1", 5000, 1948.82, "B", "DIP", "SERVO_GND", "", "C", 98.42, 98.42, 70.87, 90],
		[9, "CN1_2", 5000, 2145.67, "T", "DIP", "$1N235", "", "C", 98.42, 98.42, 70.87, 90],
		[10, "CN1_2", 5000, 2145.67, "B", "DIP", "$1N235", "", "C", 98.42, 98.42, 70.87, 90],
		[11, "CN1_3", 5393.7, 2263.78, "T", "DIP", "CN1_3", "", "C", 70.87, 70.87, 43.31, 90],
		[12, "CN1_3", 5393.7, 2263.78, "B", "DIP", "CN1_3", "", "C", 70.87, 70.87, 43.31, 90],
		[13, "CN1_4", 5393.7, 1830.71, "T", "DIP", "CN1_4", "", "C", 70.87, 70.87, 43.31, 90],
		[14, "CN1_4", 5393.7, 1830.71, "B", "DIP", "CN1_4", "", "C", 70.87, 70.87, 43.31, 90],
		[15, "D3_1", 4827.56, 2125.98, "T", "DIP", "$1N235", "", "R", 118.11, 118.11, 66.93, 0],
		[16, "D3_1", 4827.56, 2125.98, "B", "DIP", "$1N235", "", "R", 118.11, 118.11, 66.93, 0],
		[17, "D3_2", 4227.56, 2125.98, "T", "DIP", "SERVO_VCC", "", "C", 118.11, 118.11, 66.93, 0],
		[18, "D3_2", 4227.56, 2125.98, "B", "DIP", "SERVO_VCC", "", "C", 118.11, 118.11, 66.93, 0],
		[19, "H2_1", 909.84, 1614.17, "T", "DIP", "5V", "", "R", 70.87, 70.87, 47.24, 0],
		[20, "H2_1", 909.84, 1614.17, "B", "DIP", "5V", "", "R", 70.87, 70.87, 47.24, 0],
		[21, "H2_2", 1009.84, 1614.17, "T", "DIP", "3V3", "", "C", 70.87, 70.87, 47.24, 0],
		[22, "H2_2", 1009.84, 1614.17, "B", "DIP", "3V3", "", "C", 70.87, 70.87, 47.24, 0],
		[23, "H2_3", 1109.84, 1614.17, "T", "DIP", "GND", "GND", "C", 70.87, 70.87, 47.24, 0],
		[24, "H2_3", 1109.84, 1614.17, "B", "DIP", "GND", "GND", "C", 70.87, 70.87, 47.24, 0],
		[25, "H2_4", 1209.84, 1614.17, "T", "DIP", "DEBUG_1", "", "C", 70.87, 70.87, 47.24, 0],
		[26, "H2_4", 1209.84, 1614.17, "B", "DIP", "DEBUG_1", "", "C", 70.87, 70.87, 47.24, 0],
		[27, "H2_5", 1309.84, 1614.17, "T", "DIP", "DEBUG_2", "", "C", 70.87, 70.87, 47.24, 0],
		[28, "H2_5", 1309.84, 1614.17, "B", "DIP", "DEBUG_2", "", "C", 70.87, 70.87, 47.24, 0],
		[29, "H2_6", 1409.84, 1614.17, "T", "DIP", "DEBUG_3", "", "C", 70.87, 70.87, 47.24, 0],
		[30, "H2_6", 1409.84, 1614.17, "B", "DIP", "DEBUG_3", "", "C", 70.87, 70.87, 47.24, 0],
		[31, "H2_7", 1509.84, 1614.17, "T", "DIP", "DEBUG_4", "", "C", 70.87, 70.87, 47.24, 0],
		[32, "H2_7", 1509.84, 1614.17, "B", "DIP", "DEBUG_4", "", "C", 70.87, 70.87, 47.24, 0],
		[33, "H2_8", 1609.84, 1614.17, "T", "DIP", "DEBUG_5", "", "C", 70.87, 70.87, 47.24, 0],
		[34, "H2_8", 1609.84, 1614.17, "B", "DIP", "DEBUG_5", "", "C", 70.87, 70.87, 47.24, 0],
		[35, "LOADCELL_1", 823.62, 2086.61, "T", "DIP", "LOADCELL_P", "", "R", 62, 62, 40.16, 0],
		[36, "LOADCELL_1", 823.62, 2086.61, "B", "DIP", "LOADCELL_P", "", "R", 62, 62, 40.16, 0],
		[37, "LOADCELL_2", 923.62, 2086.61, "T", "DIP", "LOADCELL_M", "", "C", 62, 62, 40.16, 0],
		[38, "LOADCELL_2", 923.62, 2086.61, "B", "DIP", "LOADCELL_M", "", "C", 62, 62, 40.16, 0],
		[39, "LOADCELL_3", 1023.62, 2086.61, "T", "DIP", "GND", "GND", "C", 62, 62, 40.16, 0],
		[40, "LOADCELL_3", 1023.62, 2086.61, "B", "DIP", "GND", "GND", "C", 62, 62, 40.16, 0],
		[41, "LOADCELL_4", 1123.62, 2086.61, "T", "DIP", "GND", "GND", "C", 62, 62, 40.16, 0],
		[42, "LOADCELL_4", 1123.62, 2086.61, "B", "DIP", "GND", "GND", "C", 62, 62, 40.16, 0],
		[43, "LOADCELL_5", 1223.62, 2086.61, "T", "DIP", "5V", "", "C", 62, 62, 40.16, 0],
		[44, "LOADCELL_5", 1223.62, 2086.61, "B", "DIP", "5V", "", "C", 62, 62, 40.16, 0],
		[45, "RS485_1", 136.22, 1889.76, "T", "DIP", "RS485_OUTPUT_B", "", "R", 62, 62, 40.16, 0],
		[46, "RS485_1", 136.22, 1889.76, "B", "DIP", "RS485_OUTPUT_B", "", "R", 62, 62, 40.16, 0],
		[47, "RS485_2", 236.22, 1889.76, "T", "DIP", "RS485_OUTPUT_A", "", "C", 62, 62, 40.16, 0],
		[48, "RS485_2", 236.22, 1889.76, "B", "DIP", "RS485_OUTPUT_A", "", "C", 62, 62, 40.16, 0],
		[49, "RS485_3", 336.22, 1889.76, "T", "DIP", "GND", "GND", "C", 62, 62, 40.16, 0],
		[50, "RS485_3", 336.22, 1889.76, "B", "DIP", "GND", "GND", "C", 62, 62, 40.16, 0],
		[51, "SERVO_DEBUG_1", 1986.61, 2086.61, "T", "DIP", "SERVO_RX_RS232", "", "R", 62, 62, 40.16, 0],
		[52, "SERVO_DEBUG_1", 1986.61, 2086.61, "B", "DIP", "SERVO_RX_RS232", "", "R", 62, 62, 40.16, 0],
		[53, "SERVO_DEBUG_2", 2086.61, 2086.61, "T", "DIP", "SERVO_TX_RS232", "", "C", 62, 62, 40.16, 0],
		[54, "SERVO_DEBUG_2", 2086.61, 2086.61, "B", "DIP", "SERVO_TX_RS232", "", "C", 62, 62, 40.16, 0],
		[55, "SERVO_DEBUG_3", 2186.61, 2086.61, "T", "DIP", "GND", "GND", "C", 62, 62, 40.16, 0],
		[56, "SERVO_DEBUG_3", 2186.61, 2086.61, "B", "DIP", "GND", "GND", "C", 62, 62, 40.16, 0],
		[57, "Servo_Pul/Dir_1", 1764.17, 2086.61, "T", "DIP", "3V3", "", "R", 66.93, 66.93, 43.31, 180],
		[58, "Servo_Pul/Dir_1", 1764.17, 2086.61, "B", "DIP", "3V3", "", "R", 66.93, 66.93, 43.31, 180],
		[59, "Servo_Pul/Dir_2", 1664.17, 2086.61, "T", "DIP", "SERVO_PUL", "", "C", 66.93, 66.93, 43.31, 180],
		[60, "Servo_Pul/Dir_2", 1664.17, 2086.61, "B", "DIP", "SERVO_PUL", "", "C", 66.93, 66.93, 43.31, 180],
		[61, "Servo_Pul/Dir_3", 1564.17, 2086.61, "T", "DIP", "3V3", "", "C", 66.93, 66.93, 43.31, 180],
		[62, "Servo_Pul/Dir_3", 1564.17, 2086.61, "B", "DIP", "3V3", "", "C", 66.93, 66.93, 43.31, 180],
		[63, "Servo_Pul/Dir_4", 1464.17, 2086.61, "T", "DIP", "SERVO_DIR", "", "C", 66.93, 66.93, 43.31, 180],
		[64, "Servo_Pul/Dir_4", 1464.17, 2086.61, "B", "DIP", "SERVO_DIR", "", "C", 66.93, 66.93, 43.31, 180],
		[65, "U4_1", 5482.28, 1467.32, "T", "DIP", "BRAKERESISTOR_PWM", "", "C", 78.74, 78.74, 39.37, 270],
		[66, "U4_1", 5482.28, 1467.32, "B", "DIP", "BRAKERESISTOR_PWM", "", "C", 78.74, 78.74, 39.37, 270],
		[67, "U4_1", 5415.35, 1486.22, "T", "DIP", "BRAKERESISTOR_PWM", "", "C", 78.74, 78.74, 36, 90],
		[68, "U4_1", 5415.35, 1486.22, "B", "DIP", "BRAKERESISTOR_PWM", "", "C", 78.74, 78.74, 36, 90],
		[69, "U4_2", 5482.28, 1367.32, "T", "DIP", "GND", "GND", "C", 78.74, 78.74, 39.37, 270],
		[70, "U4_2", 5482.28, 1367.32, "B", "DIP", "GND", "GND", "C", 78.74, 78.74, 39.37, 270],
		[71, "U4_2", 5415.35, 1348.43, "T", "DIP", "GND", "GND", "C", 78.74, 78.74, 36, 90],
		[72, "U4_2", 5415.35, 1348.43, "B", "DIP", "GND", "GND", "C", 78.74, 78.74, 36, 90],
		[73, "U4_3", 4330.71, 1614.17, "T", "DIP", "SERVO_VCC", "", "C", 118.11, 118.11, 51.18, 90],
		[74, "U4_3", 4330.71, 1614.17, "B", "DIP", "SERVO_VCC", "", "C", 118.11, 118.11, 51.18, 90],
		[75, "U4_3", 4397.64, 1555.12, "T", "DIP", "SERVO_VCC", "", "C", 118.11, 118.11, 36, 90],
		[76, "U4_3", 4397.64, 1555.12, "B", "DIP", "SERVO_VCC", "", "C", 118.11, 118.11, 36, 90],
		[77, "U4_4", 4330.71, 1417.32, "T", "DIP", "$1N236", "", "C", 118.11, 118.11, 51.18, 90],
		[78, "U4_4", 4330.71, 1417.32, "B", "DIP", "$1N236", "", "C", 118.11, 118.11, 51.18, 90],
		[79, "U4_4", 4397.64, 1417.32, "T", "DIP", "$1N236", "", "C", 118.11, 118.11, 36, 90],
		[80, "U4_4", 4397.64, 1417.32, "B", "DIP", "$1N236", "", "C", 118.11, 118.11, 36, 90],
		[81, "U4_5", 4330.71, 1220.47, "T", "DIP", "SERVO_GND", "", "C", 118.11, 118.11, 51.18, 90],
		[82, "U4_5", 4330.71, 1220.47, "B", "DIP", "SERVO_GND", "", "C", 118.11, 118.11, 51.18, 90],
		[83, "U4_5", 4397.64, 1279.53, "T", "DIP", "SERVO_GND", "", "C", 118.11, 118.11, 36, 90],
		[84, "U4_5", 4397.64, 1279.53, "B", "DIP", "SERVO_GND", "", "C", 118.11, 118.11, 36, 90],
		[85, "U5_1", 4078.18, 1433.63, "T", "DIP", "$1N236", "", "C", 196.85, 196.85, 47.24, 135],
		[86, "U5_1", 4078.18, 1433.63, "B", "DIP", "$1N236", "", "C", 196.85, 196.85, 47.24, 135],
		[87, "U5_2", 3382.21, 2129.6, "T", "DIP", "SERVO_VCC", "", "C", 196.85, 196.85, 47.24, 135],
		[88, "U5_2", 3382.21, 2129.6, "B", "DIP", "SERVO_VCC", "", "C", 196.85, 196.85, 47.24, 135],
		[89, "U6_J1_1", 3268.9, 101.18, "T", "DIP", "3V3", "", "R", 60.24, 60.24, 40.16, 90],
		[90, "U6_J1_1", 3268.9, 101.18, "B", "DIP", "3V3", "", "R", 60.24, 60.24, 40.16, 90],
		[91, "U6_J1_10", 4168.9, 101.18, "T", "DIP", "ADS_CS", "", "C", 60.24, 60.24, 40.16, 90],
		[92, "U6_J1_10", 4168.9, 101.18, "B", "DIP", "ADS_CS", "", "C", 60.24, 60.24, 40.16, 90],
		[93, "U6_J1_11", 4268.9, 101.18, "T", "DIP", "ADS_RST", "", "C", 60.24, 60.24, 40.16, 90],
		[94, "U6_J1_11", 4268.9, 101.18, "B", "DIP", "ADS_RST", "", "C", 60.24, 60.24, 40.16, 90],
		[95, "U6_J1_12", 4368.9, 101.18, "T", "DIP", "U6_J1_12", "", "C", 60.24, 60.24, 40.16, 90],
		[96, "U6_J1_12", 4368.9, 101.18, "B", "DIP", "U6_J1_12", "", "C", 60.24, 60.24, 40.16, 90],
		[97, "U6_J1_13", 4468.9, 101.18, "T", "DIP", "U6_J1_13", "", "C", 60.24, 60.24, 40.16, 90],
		[98, "U6_J1_13", 4468.9, 101.18, "B", "DIP", "U6_J1_13", "", "C", 60.24, 60.24, 40.16, 90],
		[99, "U6_J1_14", 4568.9, 101.18, "T", "DIP", "U6_J1_14", "", "C", 60.24, 60.24, 40.16, 90],
		[100, "U6_J1_14", 4568.9, 101.18, "B", "DIP", "U6_J1_14", "", "C", 60.24, 60.24, 40.16, 90],
		[101, "U6_J1_15", 4668.9, 101.18, "T", "DIP", "U6_J1_15", "", "C", 60.24, 60.24, 40.16, 90],
		[102, "U6_J1_15", 4668.9, 101.18, "B", "DIP", "U6_J1_15", "", "C", 60.24, 60.24, 40.16, 90],
		[103, "U6_J1_16", 4768.9, 101.18, "T", "DIP", "ANGLE_SENSOR_P", "", "C", 60.24, 60.24, 40.16, 90],
		[104, "U6_J1_16", 4768.9, 101.18, "B", "DIP", "ANGLE_SENSOR_P", "", "C", 60.24, 60.24, 40.16, 90],
		[105, "U6_J1_17", 4868.9, 101.18, "T", "DIP", "DEBUG_1", "", "C", 60.24, 60.24, 40.16, 90],
		[106, "U6_J1_17", 4868.9, 101.18, "B", "DIP", "DEBUG_1", "", "C", 60.24, 60.24, 40.16, 90],
		[107, "U6_J1_18", 4968.9, 101.18, "T", "DIP", "DEBUG_2", "", "C", 60.24, 60.24, 40.16, 90],
		[108, "U6_J1_18", 4968.9, 101.18, "B", "DIP", "DEBUG_2", "", "C", 60.24, 60.24, 40.16, 90],
		[109, "U6_J1_19", 5068.9, 101.18, "T", "DIP", "U6_J1_19", "", "C", 60.24, 60.24, 40.16, 90],
		[110, "U6_J1_19", 5068.9, 101.18, "B", "DIP", "U6_J1_19", "", "C", 60.24, 60.24, 40.16, 90],
		[111, "U6_J1_2", 3368.9, 101.18, "T", "DIP", "U6_J1_2", "", "C", 60.24, 60.24, 40.16, 90],
		[112, "U6_J1_2", 3368.9, 101.18, "B", "DIP", "U6_J1_2", "", "C", 60.24, 60.24, 40.16, 90],
		[113, "U6_J1_20", 5168.9, 101.18, "T", "DIP", "U6_J1_20", "", "C", 60.24, 60.24, 40.16, 90],
		[114, "U6_J1_20", 5168.9, 101.18, "B", "DIP", "U6_J1_20", "", "C", 60.24, 60.24, 40.16, 90],
		[115, "U6_J1_21", 5268.9, 101.18, "T", "DIP", "5V", "", "C", 60.24, 60.24, 40.16, 90],
		[116, "U6_J1_21", 5268.9, 101.18, "B", "DIP", "5V", "", "C", 60.24, 60.24, 40.16, 90],
		[117, "U6_J1_22", 5368.9, 101.18, "T", "DIP", "GND", "GND", "C", 60.24, 60.24, 40.16, 90],
		[118, "U6_J1_22", 5368.9, 101.18, "B", "DIP", "GND", "GND", "C", 60.24, 60.24, 40.16, 90],
		[119, "U6_J1_3", 3468.9, 101.18, "T", "DIP", "U6_J1_3", "", "C", 60.24, 60.24, 40.16, 90],
		[120, "U6_J1_3", 3468.9, 101.18, "B", "DIP", "U6_J1_3", "", "C", 60.24, 60.24, 40.16, 90],
		[121, "U6_J1_4", 3568.9, 101.18, "T", "DIP", "U6_J1_4", "", "C", 60.24, 60.24, 40.16, 90],
		[122, "U6_J1_4", 3568.9, 101.18, "B", "DIP", "U6_J1_4", "", "C", 60.24, 60.24, 40.16, 90],
		[123, "U6_J1_5", 3668.9, 101.18, "T", "DIP", "U6_J1_5", "", "C", 60.24, 60.24, 40.16, 90],
		[124, "U6_J1_5", 3668.9, 101.18, "B", "DIP", "U6_J1_5", "", "C", 60.24, 60.24, 40.16, 90],
		[125, "U6_J1_6", 3768.9, 101.18, "T", "DIP", "ADS_SCLK", "", "C", 60.24, 60.24, 40.16, 90],
		[126, "U6_J1_6", 3768.9, 101.18, "B", "DIP", "ADS_SCLK", "", "C", 60.24, 60.24, 40.16, 90],
		[127, "U6_J1_7", 3868.9, 101.18, "T", "DIP", "ADS_DIN", "", "C", 60.24, 60.24, 40.16, 90],
		[128, "U6_J1_7", 3868.9, 101.18, "B", "DIP", "ADS_DIN", "", "C", 60.24, 60.24, 40.16, 90],
		[129, "U6_J1_8", 3968.9, 101.18, "T", "DIP", "ADS_DOUT", "", "C", 60.24, 60.24, 40.16, 90],
		[130, "U6_J1_8", 3968.9, 101.18, "B", "DIP", "ADS_DOUT", "", "C", 60.24, 60.24, 40.16, 90],
		[131, "U6_J1_9", 4068.9, 101.18, "T", "DIP", "ADS_DRDY", "", "C", 60.24, 60.24, 40.16, 90],
		[132, "U6_J1_9", 4068.9, 101.18, "B", "DIP", "ADS_DRDY", "", "C", 60.24, 60.24, 40.16, 90],
		[133, "U6_J3_1", 3268.9, 1001.18, "T", "DIP", "U6_J3_1", "", "C", 60.24, 60.24, 40.16, 90],
		[134, "U6_J3_1", 3268.9, 1001.18, "B", "DIP", "U6_J3_1", "", "C", 60.24, 60.24, 40.16, 90],
		[135, "U6_J3_10", 4168.9, 1001.18, "T", "DIP", "U6_J3_10", "", "C", 60.24, 60.24, 40.16, 90],
		[136, "U6_J3_10", 4168.9, 1001.18, "B", "DIP", "U6_J3_10", "", "C", 60.24, 60.24, 40.16, 90],
		[137, "U6_J3_11", 4268.9, 1001.18, "T", "DIP", "SERVO_PUL", "", "C", 60.24, 60.24, 40.16, 90],
		[138, "U6_J3_11", 4268.9, 1001.18, "B", "DIP", "SERVO_PUL", "", "C", 60.24, 60.24, 40.16, 90],
		[139, "U6_J3_12", 4368.9, 1001.18, "T", "DIP", "SERVO_DIR", "", "C", 60.24, 60.24, 40.16, 90],
		[140, "U6_J3_12", 4368.9, 1001.18, "B", "DIP", "SERVO_DIR", "", "C", 60.24, 60.24, 40.16, 90],
		[141, "U6_J3_13", 4468.9, 1001.18, "T", "DIP", "BRAKERESISTOR_PWM", "", "C", 60.24, 60.24, 40.16, 90],
		[142, "U6_J3_13", 4468.9, 1001.18, "B", "DIP", "BRAKERESISTOR_PWM", "", "C", 60.24, 60.24, 40.16, 90],
		[143, "U6_J3_14", 4568.9, 1001.18, "T", "DIP", "U6_J3_14", "", "C", 60.24, 60.24, 40.16, 90],
		[144, "U6_J3_14", 4568.9, 1001.18, "B", "DIP", "U6_J3_14", "", "C", 60.24, 60.24, 40.16, 90],
		[145, "U6_J3_15", 4668.9, 1001.18, "T", "DIP", "U6_J3_15", "", "C", 60.24, 60.24, 40.16, 90],
		[146, "U6_J3_15", 4668.9, 1001.18, "B", "DIP", "U6_J3_15", "", "C", 60.24, 60.24, 40.16, 90],
		[147, "U6_J3_16", 4768.9, 1001.18, "T", "DIP", "DEBUG_3", "", "C", 60.24, 60.24, 40.16, 90],
		[148, "U6_J3_16", 4768.9, 1001.18, "B", "DIP", "DEBUG_3", "", "C", 60.24, 60.24, 40.16, 90],
		[149, "U6_J3_17", 4868.9, 1001.18, "T", "DIP", "DEBUG_4", "", "C", 60.24, 60.24, 40.16, 90],
		[150, "U6_J3_17", 4868.9, 1001.18, "B", "DIP", "DEBUG_4", "", "C", 60.24, 60.24, 40.16, 90],
		[151, "U6_J3_18", 4968.9, 1001.18, "T", "DIP", "DEBUG_5", "", "C", 60.24, 60.24, 40.16, 90],
		[152, "U6_J3_18", 4968.9, 1001.18, "B", "DIP", "DEBUG_5", "", "C", 60.24, 60.24, 40.16, 90],
		[153, "U6_J3_19", 5068.9, 1001.18, "T", "DIP", "U6_J3_19", "", "C", 60.24, 60.24, 40.16, 90],
		[154, "U6_J3_19", 5068.9, 1001.18, "B", "DIP", "U6_J3_19", "", "C", 60.24, 60.24, 40.16, 90],
		[155, "U6_J3_2", 3368.9, 1001.18, "T", "DIP", "U6_J3_2", "", "C", 60.24, 60.24, 40.16, 90],
		[156, "U6_J3_2", 3368.9, 1001.18, "B", "DIP", "U6_J3_2", "", "C", 60.24, 60.24, 40.16, 90],
		[157, "U6_J3_20", 5168.9, 1001.18, "T", "DIP", "U6_J3_20", "", "C", 60.24, 60.24, 40.16, 90],
		[158, "U6_J3_20", 5168.9, 1001.18, "B", "DIP", "U6_J3_20", "", "C", 60.24, 60.24, 40.16, 90],
		[159, "U6_J3_21", 5268.9, 1001.18, "T", "DIP", "U6_J3_21", "", "C", 60.24, 60.24, 40.16, 90],
		[160, "U6_J3_21", 5268.9, 1001.18, "B", "DIP", "U6_J3_21", "", "C", 60.24, 60.24, 40.16, 90],
		[161, "U6_J3_22", 5368.9, 1001.18, "T", "DIP", "GND", "GND", "C", 60.24, 60.24, 40.16, 90],
		[162, "U6_J3_22", 5368.9, 1001.18, "B", "DIP", "GND", "GND", "C", 60.24, 60.24, 40.16, 90],
		[163, "U6_J3_3", 3468.9, 1001.18, "T", "DIP", "U6_J3_3", "", "C", 60.24, 60.24, 40.16, 90],
		[164, "U6_J3_3", 3468.9, 1001.18, "B", "DIP", "U6_J3_3", "", "C", 60.24, 60.24, 40.16, 90],
		[165, "U6_J3_4", 3568.9, 1001.18, "T", "DIP", "SERVO_TX", "", "C", 60.24, 60.24, 40.16, 90],
		[166, "U6_J3_4", 3568.9, 1001.18, "B", "DIP", "SERVO_TX", "", "C", 60.24, 60.24, 40.16, 90],
		[167, "U6_J3_5", 3668.9, 1001.18, "T", "DIP", "SERVO_RX", "", "C", 60.24, 60.24, 40.16, 90],
		[168, "U6_J3_5", 3668.9, 1001.18, "B", "DIP", "SERVO_RX", "", "C", 60.24, 60.24, 40.16, 90],
		[169, "U6_J3_6", 3768.9, 1001.18, "T", "DIP", "RS485_RO", "", "C", 60.24, 60.24, 40.16, 90],
		[170, "U6_J3_6", 3768.9, 1001.18, "B", "DIP", "RS485_RO", "", "C", 60.24, 60.24, 40.16, 90],
		[171, "U6_J3_7", 3868.9, 1001.18, "T", "DIP", "RS485_DI", "", "C", 60.24, 60.24, 40.16, 90],
		[172, "U6_J3_7", 3868.9, 1001.18, "B", "DIP", "RS485_DI", "", "C", 60.24, 60.24, 40.16, 90],
		[173, "U6_J3_8", 3968.9, 1001.18, "T", "DIP", "RS485_RE", "", "C", 60.24, 60.24, 40.16, 90],
		[174, "U6_J3_8", 3968.9, 1001.18, "B", "DIP", "RS485_RE", "", "C", 60.24, 60.24, 40.16, 90],
		[175, "U6_J3_9", 4068.9, 1001.18, "T", "DIP", "U6_J3_9", "", "C", 60.24, 60.24, 40.16, 90],
		[176, "U6_J3_9", 4068.9, 1001.18, "B", "DIP", "U6_J3_9", "", "C", 60.24, 60.24, 40.16, 90],
		[177, "U10_1", 2527.17, 1549.76, "T", "DIP", "3V3", "", "C", 70, 70, 36, 180],
		[178, "U10_1", 2527.17, 1549.76, "B", "DIP", "3V3", "", "C", 70, 70, 36, 180],
		[179, "U10_2", 2627.17, 1549.76, "T", "DIP", "GND", "GND", "C", 70, 70, 36, 180],
		[180, "U10_2", 2627.17, 1549.76, "B", "DIP", "GND", "GND", "C", 70, 70, 36, 180],
		[181, "U10_3", 2727.17, 1549.76, "T", "DIP", "SERVO_TX", "", "C", 70, 70, 36, 180],
		[182, "U10_3", 2727.17, 1549.76, "B", "DIP", "SERVO_TX", "", "C", 70, 70, 36, 180],
		[183, "U10_4", 2827.17, 1549.76, "T", "DIP", "SERVO_RX", "", "C", 70, 70, 36, 180],
		[184, "U10_4", 2827.17, 1549.76, "B", "DIP", "SERVO_RX", "", "C", 70, 70, 36, 180],
		[185, "U10_5", 2777.17, 2229.76, "T", "DIP", "GND", "GND", "C", 70, 70, 36, 180],
		[186, "U10_5", 2777.17, 2229.76, "B", "DIP", "GND", "GND", "C", 70, 70, 36, 180],
		[187, "U10_6", 2677.17, 2229.76, "T", "DIP", "SERVO_TX_RS232", "", "C", 70, 70, 36, 180],
		[188, "U10_6", 2677.17, 2229.76, "B", "DIP", "SERVO_TX_RS232", "", "C", 70, 70, 36, 180],
		[189, "U10_7", 2577.17, 2229.76, "T", "DIP", "SERVO_RX_RS232", "", "C", 70, 70, 36, 180],
		[190, "U10_7", 2577.17, 2229.76, "B", "DIP", "SERVO_RX_RS232", "", "C", 70, 70, 36, 180],
		[191, "U11_1", 687.79, 397.85, "T", "DIP", "LOADCELL_P", "", "C", 60, 60, 36, 0],
		[192, "U11_1", 687.79, 397.85, "B", "DIP", "LOADCELL_P", "", "C", 60, 60, 36, 0],
		[193, "U11_2", 687.79, 497.85, "T", "DIP", "LOADCELL_M", "", "C", 60, 60, 36, 0],
		[194, "U11_2", 687.79, 497.85, "B", "DIP", "LOADCELL_M", "", "C", 60, 60, 36, 0],
		[195, "U11_3", 687.79, 597.85, "T", "DIP", "U11_3", "", "C", 60, 60, 36, 0],
		[196, "U11_3", 687.79, 597.85, "B", "DIP", "U11_3", "", "C", 60, 60, 36, 0],
		[197, "U11_4", 687.79, 697.85, "T", "DIP", "U11_4", "", "C", 60, 60, 36, 0],
		[198, "U11_4", 687.79, 697.85, "B", "DIP", "U11_4", "", "C", 60, 60, 36, 0],
		[199, "U11_5", 687.79, 797.85, "T", "DIP", "U11_5", "", "C", 60, 60, 36, 0],
		[200, "U11_5", 687.79, 797.85, "B", "DIP", "U11_5", "", "C", 60, 60, 36, 0],
		[201, "U11_6", 687.79, 897.85, "T", "DIP", "U11_6", "", "C", 60, 60, 36, 0],
		[202, "U11_6", 687.79, 897.85, "B", "DIP", "U11_6", "", "C", 60, 60, 36, 0],
		[203, "U11_7", 687.79, 997.85, "T", "DIP", "U11_7", "", "C", 60, 60, 36, 0],
		[204, "U11_7", 687.79, 997.85, "B", "DIP", "U11_7", "", "C", 60, 60, 36, 0],
		[205, "U11_8", 687.79, 1097.85, "T", "DIP", "U11_8", "", "C", 60, 60, 36, 0],
		[206, "U11_8", 687.79, 1097.85, "B", "DIP", "U11_8", "", "C", 60, 60, 36, 0],
		[207, "U11_9", 2934.25, 397.85, "T", "DIP", "5V", "", "C", 60, 60, 36, 0],
		[208, "U11_9", 2934.25, 397.85, "B", "DIP", "5V", "", "C", 60, 60, 36, 0],
		[209, "U11_10", 2934.25, 497.85, "T", "DIP", "GND", "GND", "C", 60, 60, 36, 0],
		[210, "U11_10", 2934.25, 497.85, "B", "DIP", "GND", "GND", "C", 60, 60, 36, 0],
		[211, "U11_10", 785, 398.2, "T", "DIP", "GND", "GND", "C", 60, 60, 36, 0],
		[212, "U11_10", 785, 398.2, "B", "DIP", "GND", "GND", "C", 60, 60, 36, 0],
		[213, "U11_10", 785, 498.2, "T", "DIP", "GND", "GND", "C", 60, 60, 36, 0],
		[214, "U11_10", 785, 498.2, "B", "DIP", "GND", "GND", "C", 60, 60, 36, 0],
		[215, "U11_10", 785, 598.2, "T", "DIP", "GND", "GND", "C", 60, 60, 36, 0],
		[216, "U11_10", 785, 598.2, "B", "DIP", "GND", "GND", "C", 60, 60, 36, 0],
		[217, "U11_10", 785, 698.2, "T", "DIP", "GND", "GND", "C", 60, 60, 36, 0],
		[218, "U11_10", 785, 698.2, "B", "DIP", "GND", "GND", "C", 60, 60, 36, 0],
		[219, "U11_10", 785, 798.2, "T", "DIP", "GND", "GND", "C", 60, 60, 36, 0],
		[220, "U11_10", 785, 798.2, "B", "DIP", "GND", "GND", "C", 60, 60, 36, 0],
		[221, "U11_10", 785, 898.2, "T", "DIP", "GND", "GND", "C", 60, 60, 36, 0],
		[222, "U11_10", 785, 898.2, "B", "DIP", "GND", "GND", "C", 60, 60, 36, 0],
		[223, "U11_10", 785, 998.2, "T", "DIP", "GND", "GND", "C", 60, 60, 36, 0],
		[224, "U11_10", 785, 998.2, "B", "DIP", "GND", "GND", "C", 60, 60, 36, 0],
		[225, "U11_10", 785, 1098.2, "T", "DIP", "GND", "GND", "C", 60, 60, 36, 0],
		[226, "U11_10", 785, 1098.2, "B", "DIP", "GND", "GND", "C", 60, 60, 36, 0],
		[227, "U11_11", 2934.25, 597.85, "T", "DIP", "ADS_SCLK", "", "C", 60, 60, 36, 0],
		[228, "U11_11", 2934.25, 597.85, "B", "DIP", "ADS_SCLK", "", "C", 60, 60, 36, 0],
		[229, "U11_12", 2934.25, 697.85, "T", "DIP", "ADS_DIN", "", "C", 60, 60, 36, 0],
		[230, "U11_12", 2934.25, 697.85, "B", "DIP", "ADS_DIN", "", "C", 60, 60, 36, 0],
		[231, "U11_13", 2934.25, 797.85, "T", "DIP", "ADS_DOUT", "", "C", 60, 60, 36, 0],
		[232, "U11_13", 2934.25, 797.85, "B", "DIP", "ADS_DOUT", "", "C", 60, 60, 36, 0],
		[233, "U11_14", 2934.25, 897.85, "T", "DIP", "ADS_DRDY", "", "C", 60, 60, 36, 0],
		[234, "U11_14", 2934.25, 897.85, "B", "DIP", "ADS_DRDY", "", "C", 60, 60, 36, 0],
		[235, "U11_15", 2934.25, 997.85, "T", "DIP", "ADS_CS", "", "C", 60, 60, 36, 0],
		[236, "U11_15", 2934.25, 997.85, "B", "DIP", "ADS_CS", "", "C", 60, 60, 36, 0],
		[237, "U11_16", 2934.25, 1097.85, "T", "DIP", "ADS_RST", "", "C", 60, 60, 36, 0],
		[238, "U11_16", 2934.25, 1097.85, "B", "DIP", "ADS_RST", "", "C", 60, 60, 36, 0],
		[239, "U12_1", 3394.97, 1486.92, "T", "DIP", "SERVO_VCC", "", "R", 137.79, 137.79, 78.74, 315],
		[240, "U12_1", 3394.97, 1486.92, "B", "DIP", "SERVO_VCC", "", "R", 137.79, 137.79, 78.74, 315],
		[241, "U12_2", 3534.17, 1347.72, "T", "DIP", "SERVO_GND", "", "C", 137.79, 137.79, 78.74, 315],
		[242, "U12_2", 3534.17, 1347.72, "B", "DIP", "SERVO_GND", "", "C", 137.79, 137.79, 78.74, 315],
		[243, "XA1_1", 154.96, 114.25, "T", "DIP", "RS485_RO", "", "C", 60, 60, 36, 0],
		[244, "XA1_1", 154.96, 114.25, "B", "DIP", "RS485_RO", "", "C", 60, 60, 36, 0],
		[245, "XA1_2", 254.96, 114.25, "T", "DIP", "RS485_RE", "", "C", 60, 60, 36, 0],
		[246, "XA1_2", 254.96, 114.25, "B", "DIP", "RS485_RE", "", "C", 60, 60, 36, 0],
		[247, "XA1_3", 354.96, 114.25, "T", "DIP", "RS485_RE", "", "C", 60, 60, 36, 0],
		[248, "XA1_3", 354.96, 114.25, "B", "DIP", "RS485_RE", "", "C", 60, 60, 36, 0],
		[249, "XA1_4", 454.96, 114.25, "T", "DIP", "RS485_DI", "", "C", 60, 60, 36, 0],
		[250, "XA1_4", 454.96, 114.25, "B", "DIP", "RS485_DI", "", "C", 60, 60, 36, 0],
		[251, "XA1_5", 449.96, 1734.25, "T", "DIP", "GND", "GND", "C", 60, 60, 36, 180],
		[252, "XA1_5", 449.96, 1734.25, "B", "DIP", "GND", "GND", "C", 60, 60, 36, 180],
		[253, "XA1_6", 349.96, 1734.25, "T", "DIP", "RS485_OUTPUT_A", "", "C", 60, 60, 36, 180],
		[254, "XA1_6", 349.96, 1734.25, "B", "DIP", "RS485_OUTPUT_A", "", "C", 60, 60, 36, 180],
		[255, "XA1_7", 249.96, 1734.25, "T", "DIP", "RS485_OUTPUT_B", "", "C", 60, 60, 36, 180],
		[256, "XA1_7", 249.96, 1734.25, "B", "DIP", "RS485_OUTPUT_B", "", "C", 60, 60, 36, 180],
		[257, "XA1_8", 149.96, 1734.25, "T", "DIP", "3V3", "", "R", 60, 60, 36, 180],
		[258, "XA1_8", 149.96, 1734.25, "B", "DIP", "3V3", "", "R", 60, 60, 36, 180]
	]
}
}